country,rank,area,landAreaKm,cca2,cca3,netChange,growthRate,worldPercentage,density,densityMi,place,pop1980,pop2000,pop2010,pop2022,pop2023,pop2030,pop2050,density_per_km2_1980,density_per_km2_2000,density_per_km2_2010,density_per_km2_2022,density_per_km2_2023,density_per_km2_2030,density_per_km2_2050
India,1,3287590,2973190,IN,IND,0.4184,0.0081,0.1785,480.5033,1244.5036,356,696828385,1059633675,1240613620,1417173173,1428627663,1514994080,1670490596,234.37062044470753,356.39621921236113,417.2668480655458,476.6507263242511,480.50331899407706,509.5517205425822,561.8512762386528
China,2,9706961,9424702.9,CN,CHN,-0.0113,-0.0002,0.1781,151.2696,391.7884,156,982372466,1264099069,1348191368,1425887337,1425671352,1415605906,1312636325,104.2337860857131,134.12614513291447,143.04868623497936,151.29255024049618,151.26963333772568,150.2016478418646,139.2761489595603
United States,3,9372610,9147420,US,USA,0.0581,0.005,0.0425,37.1686,96.2666,840,223140018,282398554,311182845,338289857,339996563,352162301,375391963,24.393765455177526,30.871934818779504,34.01864624123523,36.98199678160618,37.16857463634555,38.49853849500734,41.038015418555176
Indonesia,4,1904569,1877519,ID,IDN,0.0727,0.0074,0.0347,147.8196,382.8528,360,148177096,214072421,244016173,275501339,277534122,292150100,317225213,78.92175578516117,114.01877743980221,129.96735212799445,146.73691131754194,147.81960768439626,155.6043374261459,168.95978842291342
Pakistan,5,881912,770880,PK,PAK,0.1495,0.0198,0.03,311.9625,807.9829,586,80624057,154369924,194454498,235824862,240485658,274029836,367808468,104.58703948733914,200.25156185139062,252.25002334993772,305.91643576172686,311.96250778331256,355.4766448733914,477.12804586965547
Nigeria,6,923768,910770,NG,NGA,0.168,0.0241,0.028,245.7312,636.4439,566,72951439,122851984,160952853,218541212,223804632,262580426,377459883,80.09864071060751,134.8880441823951,176.72173325867124,239.952141594475,245.7312296188939,288.305967478068,414.440399881419
Brazil,7,8515767,8358140,BR,BRA,0.0393,0.0052,0.027,25.8936,67.0645,76,122288383,175873720,196353492,215313498,216422446,223908968,230885725,14.63105224368101,21.04220795535849,23.49248660587164,25.76093460985339,25.89361341159636,26.78932968339846,27.624055710959617
Bangladesh,8,147570,130170,BD,BGD,0.0557,0.0103,0.0216,1328.6803,3441.2821,50,83929765,129193327,148391139,171186372,172954319,184424144,203904900,644.7704156103557,992.4969424598602,1139.9795575017286,1315.0985019589766,1328.680333410156,1416.7945302296996,1566.4507951140815
Russia,9,17098242,16376870,RU,RUS,-0.0158,-0.0019,0.018,8.82,22.8439,643,138257420,146844839,143242599,144713314,144444359,141432741,133133035,8.442237130782623,8.966599783719355,8.746640780564295,8.836445181527361,8.820022324168171,8.636127721597594,8.129333321935144
Mexico,10,1964375,1943950,MX,MEX,0.0299,0.0075,0.016,66.0797,171.1463,484,67705186,97873442,112532401,127504125,128455567,134534107,143772364,34.82866637516397,50.34771573342936,57.8885264538697,65.5902286581445,66.07966614367653,69.20656755574988,73.95887960081278
Ethiopia,11,1104300,1128571.3,ET,ETH,0.1008,0.0255,0.0158,112.1126,290.3716,231,34945469,67031867,89237791,123379924,126527060,149296378,214812309,30.96434314783656,59.39533195643022,79.07146938788891,109.32399574577167,112.11259758244782,132.28794494419625,190.34004231722
Japan,12,377930,364500,JP,JPN,-0.0209,-0.0053,0.0154,338.2566,876.0845,392,117624196,126803861,128105431,123951692,123294513,118514802,103784357,322.7001262002743,347.8843923182442,351.4552290809328,340.059511659808,338.2565514403292,325.14348971193414,284.7307462277092
Philippines,13,342353,298170,PH,PHL,0.0561,0.0154,0.0147,393.5251,1019.2299,608,48419546,77958223,94636700,115559009,117337368,129453321,157891622,162.38905993225342,261.45562263138476,317.3917563805883,387.56081765435823,393.5250628835899,434.1594425998591,529.5355736660294
Egypt,14,1002450,995450,EG,EGY,0.0551,0.0156,0.0141,113.2318,293.2704,818,43748556,71371371,87252413,110990103,112716598,125151725,160339889,43.94852177407203,71.69759505751168,87.6512260786579,111.49741624390978,113.23180270229544,125.72376814506002,161.07277010397308
DR Congo,15,2344858,2267050,CD,COD,0.105,0.0329,0.0128,45.1083,116.8305,180,26708686,48616317,66391257,99010212,102262808,127582053,217494003,11.781251406012219,21.44474846165722,29.28530777883152,43.67358990758916,45.108316093601815,56.2766824728171,95.93701197591584
Vietnam,16,331212,313429,VN,VNM,0.0208,0.0068,0.0123,315.411,816.9145,704,52968270,79001142,87411012,98186856,98858950,102699905,107012939,168.9960724757441,252.05434723653522,278.8861656068839,313.26666007293517,315.4109862201647,327.6656116696285,341.4264123613322
Iran,17,1648195,1622500,IR,IRN,0.0208,0.007,0.0111,54.9601,142.3467,364,38520664,65544383,75373855,88550570,89172767,92921017,99007204,23.741549460708782,40.39715439137134,46.45538058551618,54.57662249614792,54.96010292758089,57.27027241910632,61.021389214175656
Turkey,18,783562,783562,TR,TUR,0.0143,0.0056,0.0107,109.5206,283.6584,792,44089069,64113547,73195345,85341241,85816199,88879698,95829258,56.26749255323765,81.8231958670788,93.41359713717613,108.91447135006547,109.52062376684934,113.43033225194688,122.29952192679073
Germany,19,357114,349390,DE,DEU,-0.0012,-0.0009,0.0104,238.4002,617.4564,276,77786703,81551677,81325090,83369843,83294633,82762675,78932228,222.63574515584304,233.41159449325968,232.76307278399497,238.6154240247288,238.40016314147513,236.87762958298748,225.9143879332551
Thailand,20,513120,510890,TH,THA,0.003,0.0015,0.009,140.5416,364.0026,764,45737753,63066603,68270489,71697030,71801279,72060018,67880083,89.52563761279336,123.44458298263814,133.6305055882871,140.33750905282938,140.5415627630214,141.04801033490574,132.8663371763002
United Kingdom,21,242900,241930,GB,GBR,0.0072,0.0034,0.0085,279.9851,725.1615,826,56326328,58850043,62760039,67508936,67736802,69175770,71684966,232.82076633737032,243.25235812011738,259.4140412516017,279.0432604472368,279.98512792956643,285.93299714793534,296.30457570371595
Tanzania,22,945087,885800,TZ,TZA,0.0622,0.0296,0.0084,76.1324,197.183,834,19297659,34463704,45110527,65497748,67438106,81885304,129931520,21.785571235041772,38.90686836757733,50.926311808534656,73.94191465342064,76.13242944231203,92.44220365771055,146.6826823210657
France,23,551695,547557,FR,FRA,0.004,0.002,0.0081,118.2646,306.3052,250,53713830,58665453,62444567,64626628,64756584,65543452,65827072,98.09723919153622,107.14035799012706,114.04213077359982,118.0272154314528,118.26455327938461,119.70160549495304,120.21957896620809
South Africa,24,1221037,1213090,ZA,ZAF,0.0173,0.0087,0.0075,49.8022,128.9876,710,29463549,46813266,51784921,59893885,60414495,64659278,73529753,24.288015728429052,38.59010131152676,42.688441088460046,49.37299375973753,49.802154003412774,53.301303283350784,60.61360080455696
Italy,25,301336,295717,IT,ITA,-0.0054,-0.0028,0.0074,199.078,515.6121,380,56329482,56966397,59822450,59037474,58870762,57544258,52250484,190.484422606749,192.63822167815852,202.2962832708299,199.64179942309707,199.0780442111884,194.5923230656337,176.69083617106895
Kenya,26,580367,569140,KE,KEN,0.0346,0.0199,0.0069,96.8138,250.7477,404,16187124,30851606,41517895,54027487,55100586,63103942,85211739,28.441374705696315,54.207411181783044,72.94847489194223,94.92829005165689,96.81376462733246,110.87595670660997,149.7201725410268
Myanmar,27,676578,652670,MM,MMR,0.0125,0.0074,0.0068,83.6227,216.5827,104,33465781,45538332,49390988,54179306,54577997,56987625,59929399,51.2751942022768,69.77236888473502,75.6752846001808,83.01179156388373,83.62265310187384,87.31460768841835,91.8218992752846
Colombia,28,1141748,1109500,CO,COL,0.008,0.0041,0.0065,46.9447,121.5868,170,26176195,39215135,44816108,51874024,52085168,54129764,56987651,23.592785038305543,35.34487156376746,40.39306714736368,46.754415502478594,46.944721045516,48.78752951780081,51.363362776025234
South Korea,29,100210,97600,KR,KOR,-0.0012,-0.0006,0.0065,530.5744,1374.1876,410,38170501,46788591,48813042,51815810,51784059,51290214,45770874,391.0911987704918,479.3913012295082,500.13362704918035,530.8996926229509,530.574375,525.514487704918,468.9638729508197
Uganda,30,241550,200520,UG,UGA,0.0423,0.0282,0.0061,242.2817,627.5097,800,13284026,24020697,32341728,47249585,48582334,58380262,87622081,66.24788549770597,119.79202573309395,161.28928785158587,235.63527328944744,242.2817374825454,291.1443347297028,436.97427189307797
Sudan,31,1886068,1868000,SD,SDN,0.0394,0.0263,0.006,25.7543,66.7036,729,16673586,26298773,33739933,46874204,48109006,56997099,84494269,8.925902569593148,14.07857226980728,18.062062633832976,25.093256959314775,25.754285867237687,30.512365631691647,45.232478051391865
Spain,32,505992,499556.6,ES,ESP,-0.0014,-0.0008,0.0059,95.1236,246.3702,724,37491666,40741651,46572772,47558630,47519628,47076573,44219565,75.04988623911686,81.55562552871888,93.22821878441803,95.20168485412864,95.12361161878354,94.23671511896751,88.5176274320067
Argentina,33,2780400,2736690,AR,ARG,0.0091,0.0058,0.0057,16.726,43.3203,32,28024803,37070774,41100123,45510318,45773884,47678560,51621175,10.24040099536301,13.545843336293114,15.01818729925567,16.629694265700536,16.72600257975876,17.42198056776617,18.862631500096832
Algeria,34,2381741,2381741,DZ,DZA,0.0218,0.0157,0.0057,19.1484,49.5943,12,18739378,30774621,35856344,44903225,45606480,49787283,60001113,7.867932743316759,12.921061106140424,15.05467806952981,18.853109972914773,19.148379273816925,20.903735124851945,25.192123324912323
Iraq,35,438317,434128,IQ,IRQ,0.0322,0.0227,0.0057,104.8183,271.4794,368,13653369,24628858,31264875,44496122,45504560,52800825,74515140,31.45009997051561,56.73178878118896,72.01764226218995,102.49539767073306,104.81830243614786,121.62501612427671,171.64324807430066
Afghanistan,36,652230,652230,AF,AFG,0.0357,0.027,0.0053,64.7622,167.7341,4,12486631,19542982,28189672,41128771,42239854,50330837,74075234,19.144521104518343,29.963328887049048,43.22044677491069,63.05869248577956,64.76220658356715,77.16731367769039,113.57225825245696
Poland,37,312679,306130,PL,POL,-0.0286,0.0293,0.0051,134.0152,347.0993,616,35521429,38504431,38597353,39857145,41026067,38700518,34932339,116.03380589945448,125.77803874171104,126.08157645444746,130.19679547904485,134.0151798255643,126.41857380851272,114.10949269918008
Canada,38,9984670,8965590,CA,CAN,0.0104,0.0085,0.0048,4.3256,11.2032,124,24511510,30683313,33963412,38454327,38781291,41008596,45890819,2.7339539282969665,3.4223417533034635,3.7881959804095438,4.289101665367254,4.325570430947656,4.573998587934536,5.11854981099961
Morocco,39,446550,446300,MA,MAR,0.012,0.0102,0.0047,84.7861,219.596,504,19678444,28554415,32464865,37457971,37840044,40226395,45044990,44.0924131749944,63.98031593098813,72.74224736724176,83.93002688774367,84.78611696168497,90.13308312794085,100.92984539547389
Saudi Arabia,40,2149690,2149690,SA,SAU,0.0169,0.0148,0.0046,17.1871,44.5147,682,10171710,21547390,29411929,36408820,36947025,40461368,48374543,4.7317101535570245,10.0234871074434,13.681939721541246,16.936776930627207,17.187140936600162,18.82195479348185,22.503032065088455
Ukraine,41,603500,579400,UA,UKR,0.0428,-0.0745,0.0046,63.4184,164.2537,804,49973920,48879755,45683020,39701739,36744634,38295429,32867719,86.25115636865723,84.3627114256127,78.84539178460476,68.52215913013463,63.418422506040734,66.09497583707284,56.72716430790473
Angola,42,1246700,1246700,AO,AGO,0.0352,0.0308,0.0046,29.425,76.2109,24,8330047,16394062,23364185,35588987,36684202,44911664,72328068,6.6816772278816075,13.14996550894361,18.74082377476538,28.546552498596295,29.42504371540868,36.02443571027513,58.01561562525066
Uzbekistan,43,447400,440650,UZ,UZB,0.0166,0.0155,0.0044,79.8002,206.6824,860,15947129,24925554,28614227,34627652,35163944,38313228,45593149,36.19001248156133,56.56542380574152,64.93640531033701,78.58312039033247,79.80016793373426,86.94707364121184,103.46794281175536
Yemen,44,527968,527970,YE,YEM,0.024,0.0224,0.0043,65.2496,168.9964,887,9204938,18628700,24743946,33696614,34449825,39923245,55296331,17.434585298407107,35.28363353978446,46.86619694300813,63.82297100214027,65.24958804477527,75.61650283160029,104.73385040816713
Peru,45,1285216,1280000,PE,PER,0.0105,0.0089,0.0043,26.8381,69.5106,604,17492406,26654439,29229572,34049588,34352719,36702393,42022554,13.6659421875,20.82378046875,22.835603125,26.601240625,26.83806171875,28.67374453125,32.8301203125
Malaysia,46,330803,328550,MY,MYS,0.0116,0.0109,0.0043,104.4241,270.4583,458,13215707,22945150,28717731,33938221,34308525,36687569,41032433,40.22434028306194,69.83761984477249,87.40749048851012,103.29697458529904,104.42406026479988,111.66510120225232,124.88946279105159
Ghana,47,238533,227533,GH,GHA,0.0206,0.0193,0.0043,149.965,388.4093,288,11865246,19665502,25574719,33475870,34121985,38775850,52231785,52.14736323961799,86.42923004575161,112.40004307067547,147.12534006056265,149.96499408876954,170.41857664602497,229.556965363266
Mozambique,48,801590,786380,MZ,MOZ,0.0302,0.0281,0.0042,43.1056,111.6434,508,11413587,17768505,23073723,32969518,33897354,40920707,63044497,14.51408606526107,22.595316513644804,29.34169612655459,41.92568224013836,43.10556473969328,52.03681044787508,80.17052442839339
Nepal,49,147181,143350,NP,NPL,0.011,0.0114,0.0039,215.5325,558.2293,524,15600442,24559500,27161567,30547580,30896590,33133395,37401365,108.82763864666899,171.32542727589816,189.47727241018487,213.09787234042554,215.53254272758983,231.13634461109174,260.9094175095919
Madagascar,50,587041,581800,MG,MDG,0.023,0.0241,0.0038,52.124,135.0011,450,8948162,16216431,21731053,29611714,30325732,35604443,51592965,15.380134066689584,27.872861808181504,37.351414575455486,50.89672396012375,52.12398074939842,61.197048814025436,88.67817978686834
Ivory Coast,51,322463,318000,CI,CIV,0.023,0.0253,0.0036,90.7957,235.1609,384,8303810,16799670,21120042,28160542,28873034,34211272,51358243,26.112610062893083,52.82915094339623,66.41522641509434,88.55516352201258,90.79570440251572,107.58261635220126,161.50390880503144
Venezuela,52,916445,882050,VE,VEN,0.0179,0.019,0.0036,32.6949,84.6797,862,15210443,24427729,28715022,28301696,28838499,32027461,35937404,17.24442265177711,27.6942678986452,32.55486877161159,32.086271753301965,32.6948574343858,36.310255654441356,40.743046312567316
Cameroon,53,475442,472710,CM,CMR,0.0235,0.0263,0.0036,60.6023,156.9598,120,8519891,15091594,19878036,27914536,28647293,34051103,51279560,18.023504897294323,31.92569228491041,42.051228025639396,59.052137674261175,60.60225719785915,72.03381142772524,108.47995599839224
Niger,54,1267000,1266700,NE,NER,0.0321,0.038,0.0034,21.4754,55.6212,562,6173177,11622665,16647543,26207977,27202843,35217942,67043296,4.873432541248914,9.175546696139575,13.14245125128286,20.68996368516618,21.475363543064656,27.802906765611432,52.92752506512986
Australia,55,7692024,7692020,AU,AUS,0.0083,0.01,0.0033,3.4372,8.9024,36,14706322,19017963,22019168,26177413,26439111,28202414,32192919,1.911893364811844,2.4724276587944387,2.862598901198905,3.4031909693422535,3.437212981765518,3.666450945265353,4.185235997826319
North Korea,56,120538,120410,KP,PRK,0.0028,0.0035,0.0033,217.2645,562.7151,408,17973650,23367059,24686435,26069416,26160821,26569401,25807197,149.27040943443237,194.06244497965287,205.01980732497302,216.50540652769703,217.26452121916785,220.65776098330704,214.3276887301719
Taiwan,57,36193,36197,TW,TWN,0.0009,0.0013,0.003,660.9188,1711.7796,158,18100281,22194731,23083083,23893394,23923276,24027999,22445526,500.049202972622,613.1649307953697,637.7070751719756,660.0932121446529,660.9187501726663,663.811890488162,620.0935436638396
Mali,58,1240192,1220190,ML,MLI,0.0225,0.031,0.0029,19.0902,49.4437,466,7372581,11239101,15529181,22593590,23293698,28712294,47439802,6.042158188478844,9.210943377670691,12.726854834083216,18.516452355780658,19.090222014604283,23.531002548783388,38.87902867586195
Burkina Faso,59,272967,273600,BF,BFA,0.0185,0.0255,0.0029,84.9835,220.1073,854,6932967,11882888,16116845,22673762,23251485,27523563,40541548,25.339791666666667,43.4316081871345,58.906597222222224,82.87193713450293,84.98349780701754,100.59781798245614,148.1781725146199
Syria,60,185180,183630,SY,SYR,0.0359,0.0498,0.0029,126.4881,327.6042,760,8898954,16307654,22337563,22125249,23227014,29824735,38306374,48.46132984806404,88.80713391058106,121.64440995480041,120.48820454174155,126.48812285574253,162.41755159832272,208.6062952676578
Sri Lanka,61,65610,61860,LK,LKA,0.0018,0.0028,0.0027,353.9214,916.6565,144,14943645,18776371,20668557,21832143,21893579,22186970,21814985,241.57201745877788,303.53008406078243,334.1182832201746,352.92827352085357,353.92141933397994,358.6642418364048,352.6509052699644
Malawi,62,118484,94280,MW,MWI,0.0169,0.0258,0.0026,222.0169,575.0237,454,6267369,11229387,14718422,20405317,20931751,24944243,37159300,66.47612431056427,119.10677768349596,156.11393720831566,216.4331459482393,222.01687526516758,264.5761879507849,394.1376750106067
Zambia,63,752612,743390,ZM,ZMB,0.0178,0.0276,0.0026,27.6702,71.6658,894,5720438,9891136,13792086,20017675,20569737,24676417,37460435,7.695069882565006,13.3054466699848,18.552961433433325,26.927554850078693,27.670182542138043,33.1944430245228,50.39136254186901
Romania,64,238391,230080,RO,ROU,-0.0103,0.0119,0.0025,86.4604,223.9325,642,22125224,21919876,20335211,19659267,19892812,19023383,17457213,96.16317802503477,95.27067107093185,88.38321888038944,85.44535378998609,86.46041376912379,82.68160205146036,75.87453494436717
Chile,65,756102,743532,CL,CHL,0.0009,0.0013,0.0025,26.4005,68.3772,152,11469828,15351799,17004162,19603733,19629590,19933769,20675378,15.42613902293378,20.647126149244418,22.869442068397863,26.365688363110127,26.400464270535767,26.80956434961777,27.80697804532959
Kazakhstan,66,2724900,2699700,KZ,KAZ,0.0067,0.0108,0.0024,7.2625,18.8099,398,14172710,15236253,16627837,19397998,19606633,21128221,25609978,5.249735155758048,5.643683742638071,6.159142497314517,7.185242063933029,7.262522872911805,7.826136607771234,9.486231062710672
Chad,67,1284000,1259200,TD,TCD,0.0178,0.0313,0.0023,14.516,37.5965,148,4408230,8259137,11894727,17723315,18278568,22460393,36452035,3.5008179796696317,6.559035101651842,9.44625714739517,14.07505956162643,14.516016518424397,17.83703383100381,28.9485665501906
Ecuador,68,276841,248360,EC,ECU,0.006,0.0105,0.0023,73.2424,189.6978,218,8135845,12626507,14989585,18001000,18190484,19486952,22269779,32.75827427927202,50.83953535190852,60.35426397165405,72.4794652923176,73.24240618457078,78.46252214527298,89.66733370913191
Somalia,69,637657,627340,SO,SOM,0.0176,0.031,0.0023,28.9211,74.9057,706,5892224,8721465,12026649,17597511,18143378,22316857,36462830,9.392393279561322,13.902293811967992,19.17086269008831,28.050994675933307,28.92112411132719,35.57378295661045,58.122915803232694
Guatemala,70,108889,107160,GT,GTM,0.008,0.0139,0.0023,168.8319,437.2746,320,6987767,11735894,14543121,17843908,18092026,20003638,24600727,65.20872527062336,109.51748786860769,135.7140817469205,166.51649869354236,168.83189622993655,186.6707540126913,229.5700541246734
Senegal,71,196722,192530,SN,SEN,0.0144,0.0258,0.0022,92.2618,238.958,686,5703869,9704287,12530121,17316449,17763163,21125872,32562869,29.62587129278554,50.404025346699214,65.08139510725601,89.94156235391887,92.26179296732977,109.72768919129486,169.13140289824963
Netherlands,72,41850,33670,NL,NLD,0.0017,0.0031,0.0022,523.264,1355.2538,528,14130387,15899135,16617117,17564014,17618299,17943803,17897025,419.67291357291356,472.2047817047817,493.5288684288684,521.6517374517374,523.2640035640036,532.931482031482,531.542174042174
Cambodia,73,181035,176520,KH,KHM,0.0057,0.0106,0.0021,95.9938,248.6239,116,6198959,12118841,14363532,16767842,16944826,18084248,20258435,35.11760140493995,68.65420915477,81.37056424201224,94.99117380466802,95.9938024019941,102.44871969181962,114.76566394742805
Zimbabwe,74,390757,386850,ZW,ZWE,0.0112,0.0211,0.0021,43.0798,111.5766,716,7049926,11834676,12839771,16320537,16665409,19179393,26438589,18.223926586532247,30.59241566498643,33.190567403386325,42.18828227995347,43.07976993666796,49.5783714618069,68.3432570763862
Guinea,75,245857,245720,GN,GIN,0.0106,0.0239,0.0018,57.7511,149.5755,324,4972609,8336967,10270728,13859341,14190612,16622388,23711700,20.236891583916652,33.92872782028325,41.798502360410225,56.402983070161156,57.75114764772912,67.64768028650496,96.49886049161647
Rwanda,76,26338,24670,RW,RWA,0.0101,0.0231,0.0018,571.3289,1479.7417,646,5247532,8109989,10309031,13776698,14094683,16375704,23030046,212.70903931901094,328.7389136603162,417.8772192946899,558.4393190109445,571.3288609647345,663.7901905147953,933.5243615727604
Benin,77,112622,112760,BJ,BEN,0.0115,0.027,0.0017,121.6107,314.9718,204,3833939,6998023,9445710,13352864,13712828,16393827,25264035,34.000877970911674,62.06121851720468,83.76826888967719,118.41844625753814,121.61074849237318,145.3869013834693,224.05139233770842
Burundi,78,27834,25680,BI,BDI,0.0111,0.0271,0.0017,515.5202,1335.1973,108,4312834,6307659,9126605,12889576,13238559,15800530,24208671,167.94524922118381,245.6253504672897,355.3973909657321,501.93052959501557,515.5202102803738,615.2854361370717,942.7052570093458
Tunisia,79,163610,155360,TN,TUN,0.0035,0.0083,0.0016,80.1894,207.6905,788,6578156,9893316,10895063,12356117,12458223,13100768,14315779,42.34137487126674,63.67994335736354,70.12785144181257,79.5321640061792,80.18938594232749,84.32523171987641,92.14584835221422
Bolivia,80,1098581,1083300,BO,BOL,0.0057,0.0135,0.0015,11.436,29.6191,68,5736088,8592656,10223270,12224110,12388571,13625507,16609854,5.295013385027231,7.931926520816025,9.437154989384288,11.284141050493862,11.435955875565401,12.577778085479553,15.3326446967599
Haiti,81,27750,27560,HT,HTI,0.0045,0.0121,0.0015,425.4268,1101.8554,332,5646676,8360225,9842880,11584996,11724763,12700006,15087520,204.88664731494922,303.3463352685051,357.14368650217705,420.355442670537,425.42681422351234,460.81298984034834,547.4426705370101
Belgium,82,30528,30280,BE,BEL,0.0009,0.0026,0.0015,385.9359,999.5741,56,9828986,10264343,10877947,11655930,11686140,11873460,12090657,324.60323645970936,338.98094451783356,359.2452774108322,384.9382430647292,385.9359313077939,392.1221928665786,399.29514531043594
Jordan,83,89342,88794,JO,JOR,0.0014,0.0045,0.0014,127.6781,330.6864,400,2216903,5056174,6931258,11285869,11337052,11933395,15005941,24.96681082055094,56.942743879090926,78.05998153028358,127.10170732256684,127.67813140527512,134.39415951528255,168.99724080455886
Dominican Republic,84,48671,48310,DO,DOM,0.0032,0.0093,0.0014,234.5885,607.5843,214,5755800,8540791,9775755,11228821,11332972,11982523,13180541,119.14303456841233,176.7913682467398,202.354688470296,232.43264334506313,234.58853239494928,248.03400952183813,272.8325605464707
Cuba,85,109884,103800,CU,CUB,-0.0006,-0.0016,0.0014,107.8463,279.322,192,9809107,11105791,11290417,11212191,11194449,11016041,10028085,94.50006743737957,106.99220616570328,108.7708766859345,108.01725433526012,107.84632947976878,106.12756262042389,96.60968208092486
South Sudan,86,619745,631930,SS,SSD,0.0058,0.0161,0.0014,17.5475,45.448,728,4192012,6114440,9714419,10913164,11088796,12570402,17460846,6.6336651211368345,9.67581852420363,15.372618802715492,17.26957732660263,17.54750684411248,19.89207981896729,27.630981279572104
Sweden,87,450295,407283.5,SE,SWE,0.002,0.0059,0.0013,26.0558,67.4844,752,8311763,8871043,9381729,10549347,10612086,11007228,11902033,20.407806847073353,21.781002667674972,23.03488601919793,25.90172938505979,26.055771962281803,27.025961032057523,29.222968767455594
Honduras,88,112492,111890,HN,HND,0.0053,0.0154,0.0013,94.6805,245.2224,340,3777990,6656725,8450933,10432860,10593798,11724522,14258514,33.76521583698275,59.49347573509697,75.52893913665207,93.24211278934668,94.68047189203682,104.78614710876754,127.43331843775137
Czech Republic,89,78865,77198.5,CZ,CZE,0.0003,0.0001,0.0013,135.9521,352.1158,203,10270060,10234710,10464749,10493986,10495295,10515199,10577126,133.0344501512335,132.57653969960558,135.5563773907524,135.93510236597862,135.95205865398938,136.20988749781407,137.01206629662494
Azerbaijan,90,86600,82646,AZ,AZE,0.0017,0.0053,0.0013,125.991,326.3167,31,6383060,8190337,9237202,10358074,10412651,10711138,10867296,77.23374391985094,99.10143261621857,111.76828884640516,125.33061491179247,125.99098564963822,129.6026183965346,131.4920988311594
Greece,91,131990,128900,GR,GRC,-0.0012,-0.0042,0.0013,80.2271,207.7883,300,9307148,11038109,11033783,10384971,10341277,10059703,9144951,72.2044065166796,85.63311869666408,85.59955779674166,80.56610550814585,80.22712955779674,78.04269200930955,70.94608999224205
Papua New Guinea,92,462840,452860,PG,PNG,0.0059,0.0185,0.0013,22.8104,59.079,598,3104788,5508297,7583269,10142619,10329931,11615322,14910369,6.855955482930707,12.163355120787882,16.74528331051539,22.396809168396413,22.81042927173961,25.648814203064966,32.92489731925981
Portugal,93,92090,91605.6,PT,PRT,-0.0008,-0.0023,0.0013,111.8666,289.7344,620,9785252,10300626,10588401,10270865,10247605,10062183,9261305,106.81936475499313,112.44537451858838,115.58683093609997,112.12049263363811,111.86657802579754,109.84244413005318,101.09976900975485
Hungary,94,93028,91260,HU,HUN,-0.0057,0.019,0.0013,111.2891,288.2386,348,10698679,10202055,9986825,9967308,10156239,9642912,8817396,117.23294981371905,111.79109138724523,109.43266491343414,109.21880341880342,111.28905325443787,105.66416831032215,96.61840894148587
Tajikistan,95,143100,138790,TJ,TJK,0.006,0.0192,0.0013,73.0855,189.2916,762,4045965,6272998,7621779,9952787,10143543,11421430,15200989,29.15170401325744,45.197766409683695,54.91590892715614,71.71112472080121,73.0855465091145,82.29288853663809,109.52510267310325
United Arab Emirates,96,83600,71020,AE,ARE,0.0024,0.008,0.0012,134.0027,347.067,784,1014048,3275333,8481771,9441129,9516871,10004319,11449471,14.278344128414531,46.11845958884821,119.42792171219375,132.9362010701211,134.00268938327233,140.86622078287806,161.21474232610532
Belarus,97,207600,202980,BY,BLR,-0.0014,-0.0039,0.0012,46.794,121.1964,112,9817257,10256483,9731427,9534954,9498238,9206170,8409632,48.36563700857227,50.529525076362205,47.94278746674549,46.97484481229678,46.793959996058724,45.35505961178441,41.430840476894275
Israel,98,20770,21640,IL,ISR,0.0043,0.0151,0.0011,423.9612,1098.0595,376,3744608,6116958,7328445,9038309,9174520,10134951,12991790,173.04103512014788,282.66903881700557,338.65272643253235,417.6667744916821,423.9611829944547,468.3433918669131,600.3599815157116
Togo,99,56785,54390,TG,TGO,0.0065,0.0232,0.0011,166.4607,431.1333,768,2838110,5008035,6571855,8848699,9053799,10558178,15478883,52.18073175216033,92.07639271924987,120.82836918551205,162.68981430410003,166.46072807501378,194.1198382055525,284.5906048906049
Austria,100,83871,82520,AT,AUT,0.0006,0.0022,0.0011,108.5671,281.1889,40,7547561,8010428,8362829,8939617,8958960,9054576,8924190,91.463414929714,97.0725642268541,101.34305622879302,108.33273145904023,108.56713523994183,109.72583616093068,108.14578284052351
Switzerland,101,41284,39516,CH,CHE,0.0018,0.0064,0.0011,222.6103,576.5607,756,6319113,7182059,7822435,8740472,8796669,9143698,9753753,159.91276951108412,181.7506579613321,197.9561443465938,221.18817694098593,222.6103097479502,231.3922967911732,246.83047373215913
Sierra Leone,102,71740,72180,SL,SLE,0.0059,0.0215,0.0011,121.794,315.4465,694,3367477,4584067,6436698,8605718,8791092,10105188,13595023,46.65387919091161,63.50882515932391,89.1756442227764,119.2257966195622,121.79401496259352,139.99983374896092,188.34889165973954
Laos,103,236800,230800,LA,LAO,0.0033,0.0139,0.001,33.0753,85.665,418,3297519,5430853,6323418,7529475,7633779,8321287,9775552,14.287344020797226,23.530558925476605,27.397824956672444,32.62337521663778,33.075298960138646,36.054103119584056,42.355077989601384
Hong Kong,104,1104,1050,HK,HKG,0.0002,0.0004,0.0009,7134.8657,18479.3022,344,4978544,6731195,7132438,7488865,7491609,7485887,6975391,4741.470476190476,6410.661904761905,6792.798095238095,7132.252380952381,7134.865714285715,7129.41619047619,6643.229523809524
Serbia,105,88361,87460,RS,SRB,-0.002,-0.01,0.0009,81.7411,211.7095,688,7777010,7935022,7653748,7221365,7149077,6832604,5777806,88.92076377772696,90.72744111593872,87.51141093071118,82.56763091699062,81.74110450491654,78.12261605305282,66.06226846558427
Nicaragua,106,130373,120340,NI,NIC,0.0031,0.0141,0.0009,58.5533,151.6532,558,3303309,5123222,5855734,6948392,7046310,7688686,9094641,27.449800565065647,42.5728934685059,48.659913578195116,57.739670932358315,58.553348844939336,63.891357819511384,75.57454711650324
Libya,107,1759540,1759540,LY,LBY,0.0024,0.0112,0.0009,3.9149,10.1395,434,2962720,5154790,6491988,6812341,6888388,7394813,8539976,1.6838037214271913,2.929623651636223,3.6895938711254077,3.8716602066449184,3.9148800254612,4.202696727553793,4.853527626538755
Paraguay,108,406752,397300,PY,PRY,0.0027,0.0119,0.0009,17.2704,44.7303,600,3078912,5123819,5768613,6780744,6861524,7425448,8591486,7.749589730682104,12.896599546941857,14.519539390888497,17.06706267304304,17.27038509942109,18.68977598791845,21.624681600805438
Kyrgyzstan,109,199951,191800,KG,KGZ,0.0033,0.0158,0.0008,35.1165,90.9518,417,3691209,4935182,5483774,6630623,6735347,7435378,9426858,19.24509384775808,25.73087591240876,28.591105318039624,34.57050573514077,35.11651199165798,38.7663086548488,49.14941605839416
Bulgaria,110,110879,108560,BG,BGR,-0.0027,-0.0139,0.0008,61.6039,159.554,100,8980606,8097691,7592273,6781953,6687717,6290166,5187392,82.72481577008107,74.59184782608696,69.93619196757554,62.47193257184967,61.60387803979366,57.941838614591006,47.78364038319823
Turkmenistan,111,488100,469930,TM,TKM,0.0026,0.0133,0.0008,13.8661,35.9132,795,2862903,4569132,5267970,6430770,6516100,7034758,8263833,6.092190326218798,9.723005554018684,11.210116400314941,13.68452748281659,13.866107718170792,14.969799757410678,17.58524248292299
El Salvador,112,21041,20720,SV,SLV,0.001,0.0045,0.0008,307.1884,795.6179,222,4508992,5958482,6114034,6336392,6364943,6554224,6636854,217.615444015444,287.5715250965251,295.078861003861,305.8104247104247,307.1883687258687,316.32355212355213,320.3114864864865
Republic of the Congo,113,342000,341500,CG,COG,0.0043,0.0229,0.0008,17.8825,46.3156,178,1829256,3134030,4437884,5970424,6106869,7114987,10378912,5.356532942898975,9.177247437774524,12.995267935578331,17.482939970717425,17.882486090775988,20.834515373352854,30.392128843338213
Singapore,114,710,718,SG,SGP,0.0012,0.0065,0.0008,8377.0515,21696.5635,702,2400729,4053602,5163590,5975689,6014723,6251988,6337235,3343.633704735376,5645.6852367688025,7191.629526462396,8322.686629526463,8377.051532033427,8707.50417827298,8826.232590529247
Denmark,115,43094,40000,DK,DNK,0.0009,0.0049,0.0007,147.7728,382.7316,208,5125392,5340655,5550849,5882261,5910913,6104474,6445109,128.1348,133.516375,138.771225,147.056525,147.772825,152.61185,161.127725
Slovakia,116,49037,49035,SK,SVK,-0.0033,0.0269,0.0007,118.1849,306.099,703,4973883,5376690,5396424,5643453,5795199,5555114,5186967,101.4353624961762,109.65004588559192,110.0524931171612,115.0903028449067,118.18494952584888,113.28875293157948,105.78091159375955
Central African Republic,117,622984,622980,CF,CAF,0.0053,0.0292,0.0007,9.2175,23.8733,140,2415276,3759170,4660067,5579144,5742315,7104274,11533423,3.876971973418087,6.034174451828309,7.480283476195062,8.955574817811165,9.217494943657902,11.40369514270121,18.51331182381457
Finland,118,338424,303940,FI,FIN,0.0001,0.0009,0.0007,18.2453,47.2553,246,4779418,5176209,5363271,5540745,5545475,5565475,5460917,15.724873330262552,17.030364545634008,17.645821543725734,18.229732842008293,18.24529512403764,18.31109758504968,17.96708889912483
Norway,119,323802,364285,NO,NOR,0.0013,0.0074,0.0007,15.0277,38.9217,578,4085776,4491202,4889741,5434319,5474360,5748397,6367559,11.215877678191525,12.328813978066623,13.422844750675981,14.917767681897416,15.027684368008565,15.779944274400538,17.47960799923137
Liberia,120,111369,96320,LR,LBR,0.0037,0.0218,0.0007,56.2539,145.6976,430,1932169,2895224,4019956,5302681,5418377,6282074,8890700,20.059894102990032,30.058388704318936,41.735423588039865,55.052751245847176,56.25391403654485,65.22086794019934,92.30377906976744
Palestine,121,6220,6020,PS,PSE,0.0039,0.0231,0.0007,892.2309,2310.878,275,1453620,3139954,3992278,5250072,5371230,6256949,8861747,241.46511627906978,521.5870431893687,663.1691029900333,872.1049833887043,892.2308970099667,1039.3602990033223,1472.0509966777408
Lebanon,122,10452,10230,LB,LBN,-0.0045,-0.0247,0.0007,523.3558,1355.4916,422,2963702,4320642,4995800,5489739,5353930,4714240,4937579,289.7069403714565,422.350146627566,488.3479960899316,536.6313782991202,523.355816226784,460.82502443792765,482.65679374389055
New Zealand,123,270467,263310,NZ,NZL,0.0013,0.0083,0.0007,19.8553,51.4252,554,3147168,3855266,4346338,5185288,5228100,5495670,5949002,11.952329953287,14.641547985264516,16.506543617788918,19.6927120124568,19.855303634499258,20.871482283240287,22.59314876001671
Costa Rica,124,51100,51060,CR,CRI,0.0011,0.006,0.0007,102.0794,264.3856,188,2414303,3979193,4622252,5180829,5212173,5432243,5702525,47.28364669016843,77.93170779475128,90.5258911084998,101.46551116333725,102.07937720329025,106.38940462201332,111.6828241284763
Ireland,125,70273,68890,IE,IRL,0.0011,0.0067,0.0006,73.4059,190.1214,372,3391387,3768950,4524585,5023109,5056935,5266881,5724686,49.229017273914934,54.709682101901585,65.67840034838147,72.91492233996226,73.40593700101611,76.45349107272463,83.09894033967194
Mauritania,126,1030700,1030700,MR,MRT,0.0041,0.0268,0.0006,4.7181,12.22,478,1506694,2695003,3419461,4736139,4862989,5830563,8914673,1.461816241389347,2.6147307654991754,3.3176103618899777,4.59507034054526,4.718142039390705,5.6568962840787815,8.649144270883866
Oman,127,309500,309500,OM,OMN,0.0022,0.0149,0.0006,15.0061,38.8658,512,1017462,2344253,2881914,4576298,4644384,5093376,6328978,3.287437802907916,7.574323101777059,9.31151534733441,14.78610016155089,15.006087237479806,16.456788368336024,20.449040387722132
Panama,128,75417,74180,PA,PAN,0.0019,0.0135,0.0006,60.233,156.0036,591,1956987,3001731,3623617,4408581,4468087,4864126,5736121,26.381598813696414,40.46550283095174,48.848975465084926,59.43085737395524,60.23304125101105,65.57193313561606,77.32705581019142
Kuwait,129,17818,17820,KW,KWT,0.0013,0.0097,0.0005,241.8691,626.4411,414,1493870,1934901,2943356,4268873,4310108,4564570,5155414,83.831088664422,108.58030303030303,165.17149270482605,239.55516273849608,241.86913580246915,256.148709315376,289.30493827160495
Croatia,130,56594,55960,HR,HRV,-0.0007,-0.0054,0.0005,71.6336,185.5311,191,4680144,4548434,4368682,4030358,4008617,3850140,3333425,83.6337383845604,81.2800929235168,78.06794138670479,72.02212294496069,71.63361329521086,68.80164403145103,59.567994996426016
Eritrea,131,117600,121040.8,ER,ERI,0.0021,0.0176,0.0005,30.9722,80.218,232,1657982,2392880,3147727,3684032,3748901,4283355,5964021,13.697711845923028,19.769201789809717,26.005503929253607,30.43628264188604,30.97220937072458,35.38769571912942,49.27281544735329
Georgia,132,69700,69490,GE,GEO,-0.0005,-0.0043,0.0005,53.6521,138.9588,268,5145843,4265172,3836831,3744385,3728282,3657494,3384660,74.05156137573752,61.37821269247374,55.2141459202763,53.88379622967334,53.65206504533026,52.63338609871924,48.70715210821701
Mongolia,133,1564110,1557506.8,MN,MNG,0.0015,0.0144,0.0004,2.2133,5.7323,496,1697780,2450979,2702520,3398366,3447157,3736327,4518856,1.0900626565482732,1.5736554087596921,1.735157753404351,2.1819269103672614,2.213253258348535,2.398915369101438,2.9013394997697604
Moldova,134,33846,32884.6,MD,MDA,-0.0039,0.0498,0.0004,104.4845,270.6149,498,4103240,4251573,3678186,3272996,3435931,3174727,2997532,124.7769472640689,129.2876604854552,111.85132250354269,99.5297494876021,104.4845003436259,96.54145101354433,91.15306252774856
Uruguay,135,181034,175020,UY,URY,0,0.0001,0.0004,19.5584,50.6562,858,2953750,3292224,3352651,3422794,3423108,3423372,3337143,16.87664266940921,18.81055879328077,19.155816478116787,19.556587818535025,19.55838189921152,19.559890298251627,19.067209461775796
Puerto Rico,136,8870,8870,PR,PRI,0.0003,0.0024,0.0004,367.5664,951.997,630,3214568,3827108,3717922,3252407,3260314,3259722,2727624,362.40901916572716,431.46651634723787,419.1569334836528,366.6749718151071,367.5664036076663,367.4996617812852,307.51116121758736
Bosnia and Herzegovina,137,51209,51200,BA,BIH,-0.0006,-0.007,0.0004,62.7119,162.4237,70,4199820,4179350,3811088,3233526,3210847,3111789,2739014,82.027734375,81.6279296875,74.4353125,63.1548046875,62.71185546875,60.77712890625,53.4963671875
Albania,138,28748,27400,AL,ALB,-0.0003,-0.0035,0.0004,103.3737,267.7378,8,2941651,3182021,2913399,2842321,2832439,2789599,2456472,107.35952554744526,116.13215328467153,106.3284306569343,103.73434306569344,103.37368613138686,101.81018248175182,89.65226277372263
Jamaica,139,10991,10830,JM,JAM,0,-0.0006,0.0004,260.8997,675.7303,388,2135546,2612205,2733896,2827377,2825544,2804356,2493823,197.18799630655587,241.20083102493075,252.43730378578024,261.0689750692521,260.89972299168977,258.9433056325023,230.26989843028625
Armenia,140,29743,28470,AM,ARM,0,-0.0009,0.0003,97.5753,252.7201,51,3135123,3168523,2946293,2780469,2777970,2759528,2573465,110.12023182297155,111.29339655778011,103.48763610818405,97.66311907270811,97.57534246575342,96.92757288373727,90.39216719353706
Gambia,141,10689,10120,GM,GMB,0.0022,0.0248,0.0003,274.0285,709.7337,270,718586,1437539,1937275,2705992,2773168,3263651,4673743,71.00652173913043,142.04930830039527,191.43033596837944,267.3905138339921,274.0284584980237,322.4951581027668,461.8323122529644
Lithuania,142,65300,62620,LT,LTU,-0.0008,-0.0115,0.0003,43.4103,112.4326,440,3521206,3599637,3139019,2750055,2718352,2558928,2187550,56.23133184286171,57.483823059725324,50.128058128393484,43.91656020440754,43.410284254231875,40.8643883743213,34.93372724369211
Qatar,143,11586,11490,QA,QAT,0.0007,0.0079,0.0003,236.4135,612.3109,634,277450,645937,1713504,2695122,2716391,2855291,3358454,24.147084421235856,56.21731940818103,149.13002610966058,234.56240208877284,236.41348999129679,248.5022628372498,292.2936466492602
Botswana,144,582000,566730,BW,BWA,0.0014,0.0171,0.0003,4.7207,12.2266,72,938578,1726985,2091664,2630296,2675352,2972271,3679340,1.6561290208741375,3.0472800098812485,3.6907592680818024,4.641180103400208,4.720681806151077,5.244597956698957,6.492227339297373
Namibia,145,825615,823290,NA,NAM,0.0012,0.0145,0.0003,3.1631,8.1925,516,975994,1819141,2099271,2567012,2604172,2910056,3779918,1.1854802074603117,2.209599290650925,2.5498560652989832,3.1179924449464953,3.163128423763194,3.534667006765538,4.591235166223323
Gabon,146,267668,257670,GA,GAB,0.0015,0.0199,0.0003,9.4561,24.4914,266,749078,1272935,1711105,2388992,2436566,2774523,3757053,2.9071215120114875,4.940175418170528,6.6406838203904215,9.271517832887026,9.456149338300927,10.767737804168123,14.580870881359878
Lesotho,147,30355,30360,LS,LSO,0.0008,0.0106,0.0003,76.7562,198.7985,426,1407672,1998630,2022747,2305825,2330318,2501946,2898369,46.36600790513834,65.83102766798419,66.625395256917,75.94944005270092,76.75619235836628,82.4092885375494,95.46669960474308
Guinea-Bissau,148,36125,28120,GW,GNB,0.0014,0.0215,0.0003,76.488,198.1039,624,831462,1230849,1567220,2105566,2150842,2484863,3445289,29.568349928876245,43.77130156472262,55.733285917496445,74.87788051209104,76.48798008534851,88.36639402560455,122.52094594594594
Slovenia,149,20273,20136.4,SI,SVN,0,-0.0001,0.0003,105.2658,272.6385,705,1901570,1984339,2057287,2119844,2119675,2105945,2003258,94.43445700323791,98.54487395959555,102.16756719175224,105.27422975308396,105.26583699171648,104.58398720724657,99.48441628096381
North Macedonia,150,25713,25220,MK,MKD,-0.0002,-0.0038,0.0003,82.6994,214.1915,807,1907023,2037936,2093828,2093599,2085679,2072256,1909309,75.61550356859635,80.80634417129262,83.02252180808883,83.01344171292625,82.69940523394132,82.16716891356067,75.70614591593973
Latvia,151,64559,62230,LV,LVA,-0.0006,-0.011,0.0002,29.4104,76.173,428,2572037,2392530,2101530,1850651,1830211,1701338,1433728,41.33114253575446,38.44656917885264,33.770367989715574,29.73888799614334,29.41042905351117,27.339514703519203,23.03917724570143
Equatorial Guinea,152,28051,28050,GQ,GNQ,0.0013,0.0237,0.0002,61.1291,158.3243,226,282509,684977,1094524,1674908,1714671,1999678,2790533,10.07162210338681,24.419857397504455,39.02046345811052,59.71151515151515,61.12909090909091,71.28976827094475,99.48424242424242
Trinidad and Tobago,153,5130,5130,TT,TTO,0.0001,0.0025,0.0002,299.208,774.9487,780,1127852,1332203,1410296,1531044,1534937,1547690,1485139,219.8541910331384,259.688693957115,274.91150097465885,298.44912280701755,299.20799220272903,301.69395711500977,289.5007797270955
Bahrain,154,765,785,BH,BHR,0.0004,0.009,0.0002,1892.3682,4901.2335,48,362595,711442,1213645,1472233,1485509,1574679,1809237,461.90445859872614,906.2955414012739,1546.0445859872611,1875.456050955414,1892.368152866242,2005.9605095541401,2304.7605095541403
Timor-Leste,155,14874,14870,TL,TLS,0.0006,0.0144,0.0002,91.4994,236.9834,626,642224,878360,1088486,1341296,1360596,1495081,1806869,43.18924008069939,59.069266980497645,73.20013449899126,90.20147948890383,91.49939475453934,100.54344317417619,121.51102891728313
Estonia,156,45227,42750,EE,EST,-0.0001,-0.0025,0.0002,30.9419,80.1394,233,1476983,1396877,1331535,1326062,1322765,1289441,1171695,34.54930994152047,32.67548538011696,31.14701754385965,31.018994152046783,30.94187134502924,30.162362573099415,27.408070175438596
Mauritius,157,2040,2030,MU,MUS,0,0.0008,0.0002,640.6685,1659.3313,480,954865,1215930,1283330,1299469,1300557,1305425,1226235,470.3768472906404,598.9802955665025,632.1822660098522,640.1325123152709,640.668472906404,643.0665024630542,604.0566502463054
Cyprus,158,9251,9240,CY,CYP,0.0003,0.0069,0.0002,136.3786,353.2205,196,679327,948237,1129686,1251488,1260138,1311784,1391785,73.5202380952381,102.62305194805195,122.26038961038961,135.44242424242424,136.37857142857143,141.96796536796538,150.62608225108224
Eswatini,159,17364,17200,SZ,SWZ,0.0003,0.0076,0.0002,70.3966,182.3273,748,598564,1030496,1099920,1201670,1210822,1305985,1655121,34.800232558139534,59.91255813953488,63.948837209302326,69.86453488372094,70.39662790697675,75.92936046511628,96.22796511627907
Djibouti,160,23200,23180,DJ,DJI,0.0005,0.0139,0.0001,49.0274,126.981,262,324121,742033,919199,1120849,1136455,1247129,1502575,13.982786885245902,32.01177739430543,39.654831751509924,48.35414150129422,49.02739430543572,53.801941328731665,64.82204486626402
Reunion,161,2511,2512,RE,REU,0.0002,0.008,0.0001,390.8424,1012.2817,638,551674,785424,890130,974052,981796,1031822,1127252,219.6154458598726,312.6687898089172,354.3511146496815,387.75955414012736,390.8423566878981,410.75716560509557,448.7468152866242
Fiji,162,18272,18270,FJ,FJI,0.0002,0.0071,0.0001,51.2521,132.7428,242,644582,832509,905169,929766,936375,986172,1094174,35.280897646414886,45.566995073891626,49.544006568144496,50.89031198686371,51.25205254515599,53.97766830870279,59.88910782703886
Comoros,163,1862,1861,KM,COM,0.0005,0.0183,0.0001,457.8587,1185.854,174,328328,536758,656024,836774,852075,959412,1246207,176.42557764642666,288.4245029554003,352.51155292853304,449.63675443310046,457.8586781300376,515.5357334766255,669.6437399247716
Guyana,164,214969,196850,GY,GUY,0.0002,0.0063,0.0001,4.1343,10.7078,328,778176,759051,747932,808726,813834,848033,878746,3.9531419862839727,3.8559867919735837,3.799502159004318,4.108336296672594,4.134284988569977,4.308016256032512,4.4640386080772165
Bhutan,165,38394,38140,BT,BTN,0.0002,0.0064,0.0001,20.6456,53.4722,64,415257,587207,705516,782455,787424,821498,874294,10.887703198741479,15.396093340325118,18.498059779758783,20.51533822758259,20.64562139486104,21.539014158363923,22.9232826428946
Solomon Islands,166,28896,27990,SB,SLB,0.0005,0.0223,0.0001,26.4532,68.5137,90,233668,429978,540394,724273,740424,856264,1225407,8.348267238299393,15.361843515541265,19.306680957484815,25.876134333690604,26.45316184351554,30.59178277956413,43.78017148981779
Macau,167,32.9,32.9,MO,MAC,0.0003,0.0129,0.0001,21402.7052,55433.0064,446,245332,431896,557297,695168,704149,763371,881666,7456.899696048633,13127.537993920972,16939.118541033436,21129.726443769,21402.70516717325,23202.76595744681,26798.358662613984
Luxembourg,168,2586,2574.5,LU,LUX,0.0002,0.0111,0.0001,254.3282,658.7101,442,363741,435628,507070,647599,654768,697086,781910,141.28607496601282,169.20877840357352,196.95863274422217,251.5436006991649,254.3282190716644,270.76558555059233,303.7133423965819
Montenegro,169,13812,13450,ME,MNE,0,-0.001,0.0001,46.5788,120.6391,499,589324,633324,631044,627082,626485,621696,586385,43.81591078066914,47.08728624535316,46.917769516728626,46.623197026022304,46.57881040892193,46.22275092936803,43.59739776951673
Suriname,170,163820,156000,SR,SUR,0.0002,0.0084,0.0001,3.9951,10.3473,740,375112,478998,546080,618040,623236,659508,725519,2.4045641025641027,3.0705,3.5005128205128204,3.9617948717948717,3.995102564102564,4.227615384615385,4.650762820512821
Cape Verde,171,4033,4033,CV,CPV,0.0002,0.0093,0.0001,148.4458,384.4747,132,317234,458251,521212,593149,598682,638840,727457,78.65955864121001,113.62534093726754,129.23679642945697,147.07389040416564,148.44582196875774,158.40317381601784,180.37614678899084
Western Sahara,172,266000,266000,EH,ESH,0.0004,0.0196,0.0001,2.2077,5.718,732,116775,270375,413296,575986,587259,662726,851067,0.43900375939849623,1.0164473684210527,1.5537443609022557,2.1653609022556393,2.2077406015037595,2.491451127819549,3.1995
Malta,173,316,320,MT,MLT,0.0001,0.0033,0.0001,1672.075,4330.6743,470,333587,399212,418755,533286,535064,543425,522737,1042.459375,1247.5375,1308.609375,1666.51875,1672.075,1698.203125,1633.553125
Maldives,174,300,300,MV,MDV,-0.0001,-0.0053,0.0001,1736.7367,4498.148,462,164887,282507,361575,523787,521021,512683,569909,549.6233333333333,941.69,1205.25,1745.9566666666667,1736.7366666666667,1708.9433333333334,1899.6966666666667
Brunei,175,5765,5270,BN,BRN,0.0001,0.0078,0.0001,85.8679,222.3979,96,187921,333926,396053,449002,452524,473312,498373,35.65863377609108,63.363567362428846,75.15237191650854,85.19962049335864,85.86793168880456,89.81252371916509,94.56793168880455
Bahamas,176,13943,10010,BS,BHS,0.0001,0.0064,0.0001,41.2211,106.7626,44,223752,325014,373272,409984,412623,429846,450625,22.352847152847154,32.46893106893107,37.28991008991009,40.957442557442555,41.22107892107892,42.94165834165834,45.01748251748252
Belize,177,22966,22810,BZ,BLZ,0.0002,0.0137,0.0001,18.0107,46.6478,84,145133,240406,322106,405272,410825,450428,538838,6.362691801841297,10.539500219202104,14.121262604121,17.76729504603244,18.01074090311267,19.74695309074967,23.622884699693117
Guadeloupe,178,1628,1628,GP,GLP,0,0.0002,0,243.1443,629.7439,312,334234,424067,403072,395752,395839,399728,388861,205.3034398034398,260.48341523341526,247.58722358722358,243.0909090909091,243.1443488943489,245.53316953316954,238.8581081081081
Iceland,179,103000,100830,IS,ISL,0.0001,0.0065,0,3.7223,9.6407,352,228263,281462,318333,372899,375318,390338,408783,2.2638401269463455,2.7914509570564316,3.1571258554001784,3.698294158484578,3.722285034216007,3.871248636318556,4.054180303481107
Martinique,180,1128,1128,MQ,MTQ,0,-0.0014,0,325.3378,842.6248,474,333786,432543,392181,367507,366981,362472,330121,295.9095744680851,383.4601063829787,347.6781914893617,325.80407801418437,325.33776595744683,321.3404255319149,292.6604609929078
Mayotte,181,374,374,YT,MYT,0.0003,0.0303,0,898.3824,2326.8103,175,52233,159215,211786,326101,335995,407579,664141,139.66042780748663,425.7085561497326,566.2727272727273,871.927807486631,898.3823529411765,1089.783422459893,1775.7780748663101
Vanuatu,182,12189,12190,VU,VUT,0.0002,0.0238,0,27.441,71.0722,548,118156,192074,245453,326740,334506,391135,578567,9.692863002461033,15.756685808039377,20.13560295324036,26.803937653814604,27.441017227235438,32.08654634946678,47.462428219852335
French Guiana,183,83534,83534,GF,GUF,0.0002,0.0249,0,3.7369,9.6785,254,66825,164351,228453,304557,312155,366669,532459,0.7999736634184883,1.9674743218330262,2.734850480044054,3.6459046615749275,3.736861637177676,4.3894581846912635,6.374159025067637
French Polynesia,184,4167,3471,PF,PYF,0.0001,0.0085,0,88.9865,230.4749,258,163591,250927,283788,306279,308872,324860,346933,47.1307980409104,72.29242293287237,81.75972342264477,88.23941227312014,88.98645923365025,93.59262460386056,99.95188706424662
New Caledonia,185,18575,18280,NC,NCL,0.0001,0.0105,0,16.028,41.5124,540,148599,221537,261426,289950,292991,312529,353191,8.129048140043764,12.119091903719912,14.301203501094092,15.86159737417943,16.027954048140042,17.096772428884027,19.32117067833698
Barbados,186,430,430,BB,BRB,0,0.0013,0,655.8023,1698.528,52,253575,264657,274711,281635,281995,283082,267788,589.7093023255813,615.4813953488372,638.8627906976744,654.9651162790698,655.8023255813954,658.3302325581395,622.7627906976744
Sao Tome and Principe,187,964,960,ST,STP,0.0001,0.0197,0,241.5167,625.5282,678,97210,143714,182138,227380,231856,265036,366663,101.26041666666667,149.70208333333332,189.72708333333333,236.85416666666666,241.51666666666668,276.07916666666665,381.940625
Samoa,188,2842,2780,WS,WSM,0.0001,0.0148,0,81.1802,210.2568,882,164905,184008,194672,222382,225681,248627,320016,59.318345323741006,66.18992805755396,70.02589928057554,79.99352517985612,81.18021582733813,89.4341726618705,115.11366906474821
Curacao,189,444,444,CW,CUW,0,0.0048,0,432.6059,1120.4492,531,156851,141424,159380,191163,192077,197829,204084,353.26801801801804,318.52252252252254,358.963963963964,430.5472972972973,432.60585585585585,445.56081081081084,459.64864864864865
Saint Lucia,190,616,610,LC,LCA,0,0.0022,0,295.4934,765.328,662,121633,159500,170935,179857,180251,183274,177856,199.39836065573772,261.4754098360656,280.22131147540983,294.84754098360656,295.4934426229508,300.4491803278689,291.5672131147541
Guam,191,549,540,GU,GUM,0,0.0069,0,320.2815,829.529,316,110286,160188,164905,171774,172952,180746,195673,204.23333333333332,296.64444444444445,305.3796296296296,318.1,320.2814814814815,334.7148148148148,362.3574074074074
Kiribati,192,811,810,KI,KIR,0.0001,0.0174,0,164.8333,426.9183,296,60813,88826,107995,131232,133515,148720,188570,75.07777777777778,109.66172839506173,133.32716049382717,162.01481481481483,164.83333333333334,183.60493827160494,232.80246913580248
Grenada,193,344,340,GD,GRD,0,0.0059,0,371.1265,961.2176,308,94838,107432,114039,125438,126183,130367,136253,278.93529411764706,315.9764705882353,335.4088235294118,368.93529411764706,371.1264705882353,383.4323529411765,400.74411764705883
Micronesia,194,702,700,FM,FSM,0,0.0093,0,164.6057,426.3288,583,76299,111709,107588,114164,115224,122704,135457,108.99857142857142,159.58428571428573,153.69714285714286,163.09142857142857,164.6057142857143,175.29142857142858,193.51
Jersey,195,116,120,JE,JEY,0,0.0092,0,931.6833,2413.0598,832,75124,86192,96151,110778,111802,119047,135441,626.0333333333333,718.2666666666667,801.2583333333333,923.15,931.6833333333333,992.0583333333333,1128.675
Tonga,196,747,720,TO,TON,0,0.0086,0,149.6847,387.6834,776,96708,102603,107383,106858,107773,114124,131225,134.31666666666666,142.50416666666666,149.14305555555555,148.4138888888889,149.68472222222223,158.50555555555556,182.25694444444446
Seychelles,197,452,460,SC,SYC,0,0.0051,0,234.0435,606.1726,690,65290,80060,92409,107118,107660,111317,116644,141.93478260869566,174.04347826086956,200.8891304347826,232.86521739130436,234.04347826086956,241.99347826086955,253.57391304347826
Aruba,198,180,180,AW,ABW,0,-0.0016,0,590.4278,1529.2079,533,62267,89101,100341,106445,106277,104924,94185,345.9277777777778,495.00555555555553,557.45,591.3611111111111,590.4277777777778,582.9111111111112,523.25
Saint Vincent and the Grenadines,199,389,390,VC,VCT,0,-0.0024,0,265.8923,688.6611,670,107480,113813,109308,103948,103698,104322,101691,275.5897435897436,291.8282051282051,280.2769230769231,266.53333333333336,265.89230769230767,267.4923076923077,260.74615384615385
United States Virgin Islands,200,347,347,VI,VIR,0,-0.0072,0,284.5821,737.0677,850,96640,108185,106142,99465,98750,93419,77519,278.5014409221902,311.7723342939481,305.8847262247839,286.64265129682997,284.5821325648415,269.2190201729107,223.39769452449568
Antigua and Barbuda,201,442,440,AG,ATG,0,0.0057,0,214.3136,555.0723,28,64889,75055,85695,93763,94298,97510,99030,147.475,170.57954545454547,194.76136363636363,213.09772727272727,214.31363636363636,221.61363636363637,225.0681818181818
Isle of Man,202,572,570,IM,IMN,0,0.0023,0,148.614,384.9104,833,64022,75562,83828,84519,84710,85798,86680,112.31929824561404,132.56491228070175,147.06666666666666,148.27894736842106,148.6140350877193,150.52280701754387,152.0701754385965
Andorra,203,468,470,AD,AND,0,0.0033,0,170.4,441.336,20,35611,66097,71519,79824,80088,81528,80504,75.76808510638298,140.63191489361702,152.168085106383,169.83829787234043,170.4,173.46382978723403,171.2851063829787
Dominica,204,751,750,DM,DMA,0,0.0042,0,97.3867,252.2315,212,72978,68346,68755,72737,73040,74988,74167,97.304,91.128,91.67333333333333,96.98266666666666,97.38666666666667,99.984,98.88933333333334
Cayman Islands,205,264,240,KY,CYM,0,0.0088,0,288.7917,747.9704,136,17100,39658,54074,68706,69310,72865,77633,71.25,165.24166666666667,225.30833333333334,286.275,288.7916666666667,303.6041666666667,323.47083333333336
Bermuda,206,54,54,BM,BMU,0,-0.0018,0,1186.463,3072.9391,60,53565,61371,63447,64184,64069,62806,56041,991.9444444444445,1136.5,1174.9444444444443,1188.5925925925926,1186.462962962963,1163.0740740740741,1037.7962962962963
Guernsey,207,78,63,GG,GGY,0,0.0038,0,1008.6349,2612.3644,831,52860,59114,60782,63301,63544,65141,66496,839.047619047619,938.3174603174604,964.7936507936508,1004.7777777777778,1008.6349206349206,1033.984126984127,1055.4920634920634
Greenland,208,2166086,410450,GL,GRL,0,0.0031,0,0.138,0.3574,304,50106,56184,56351,56466,56643,57152,53997,0.12207577049579729,0.13688390790595686,0.13729077841393592,0.13757095870386163,0.13800219271531247,0.13924229504202704,0.13155560969667437
Faroe Islands,209,1393,1366,FO,FRO,0,0.0034,0,38.9971,101.0024,234,43054,45660,48410,53090,53270,54583,59444,31.518301610541727,33.42606149341142,35.43923865300147,38.865300146412885,38.997071742313324,39.95827232796486,43.51683748169839
Northern Mariana Islands,210,464,460,MP,MNP,0,0.0049,0,108.2522,280.3731,580,17613,80338,54087,49551,49796,51178,50050,38.28913043478261,174.6478260869565,117.58043478260869,107.7195652173913,108.25217391304348,111.25652173913043,108.80434782608695
Saint Kitts and Nevis,211,261,260,KN,KNA,0,0.0021,0,183.6731,475.7133,659,43097,45461,47403,47657,47755,48247,46882,165.7576923076923,174.85,182.31923076923076,183.29615384615386,183.67307692307693,185.5653846153846,180.3153846153846
Turks and Caicos Islands,212,948,948,TC,TCA,0,0.0079,0,48.5886,125.8445,796,7598,18744,29726,45703,46062,48538,52865,8.014767932489452,19.772151898734176,31.356540084388186,48.209915611814345,48.58860759493671,51.20042194092827,55.76476793248945
Sint Maarten,213,34,34,SX,SXM,0,0.0011,0,1300.6471,3368.6759,534,12243,30489,33034,44175,44222,44946,38947,360.0882352941176,896.7352941176471,971.5882352941177,1299.264705882353,1300.6470588235295,1321.9411764705883,1145.5
American Samoa,214,199,200,AS,ASM,0,-0.0081,0,219.57,568.6863,16,32886,58230,54849,44273,43914,41142,33557,164.43,291.15,274.245,221.365,219.57,205.71,167.785
Marshall Islands,215,181,180,MH,MHL,0,0.0103,0,233.3111,604.2758,584,31988,54224,53416,41569,41996,44733,51211,177.7111111111111,301.24444444444447,296.75555555555553,230.9388888888889,233.3111111111111,248.51666666666668,284.50555555555553
Liechtenstein,216,160,160,LI,LIE,0,0.0065,0,247.4,640.766,438,25003,33026,35926,39327,39584,41030,42287,156.26875,206.4125,224.5375,245.79375,247.4,256.4375,264.29375
Monaco,217,2.02,2,MC,MCO,0,-0.0047,0,18148.5,47004.615,492,27076,32465,33178,36469,36297,35862,37664,13538.0,16232.5,16589.0,18234.5,18148.5,17931.0,18832.0
San Marino,218,61,60,SM,SMR,,-0.0005,0,560.7,1452.213,674,21346,26823,31608,33660,33642,33458,32044,355.76666666666665,447.05,526.8,561.0,560.7,557.6333333333333,534.0666666666667
Gibraltar,219,6.8,6.8,GI,GIB,0,0.0012,0,4807.0588,12450.2824,292,28734,27741,31262,32649,32688,32771,31356,4225.588235294118,4079.5588235294117,4597.35294117647,4801.323529411765,4807.058823529412,4819.264705882353,4611.176470588235
Saint Martin,220,53,50,MF,MAF,0,0.009,0,641.54,1661.5886,663,7776,29610,36458,31791,32077,33508,35453,155.52,592.2,729.16,635.82,641.54,670.16,709.06
British Virgin Islands,221,151,150,VG,VGB,0,0.0074,0,210.2533,544.5561,92,11109,20104,27556,31305,31538,32995,34768,74.06,134.02666666666667,183.70666666666668,208.7,210.25333333333333,219.96666666666667,231.78666666666666
Palau,222,459,460,PW,PLW,,0.0002,0,39.2565,101.6744,585,12252,19726,18540,18055,18058,17919,16689,26.63478260869565,42.88260869565217,40.30434782608695,39.25,39.256521739130434,38.95434782608696,36.280434782608694
Cook Islands,223,240,240,CK,COK,0,0.0019,0,71.0167,183.9332,184,17651,15897,17212,17011,17044,17253,17674,73.54583333333333,66.2375,71.71666666666667,70.87916666666666,71.01666666666667,71.8875,73.64166666666667
Anguilla,224,91,91,AI,AIA,0,0.0026,0,174.7143,452.51,660,6560,11047,13172,15857,15899,16055,15294,72.08791208791209,121.3956043956044,144.74725274725276,174.25274725274724,174.71428571428572,176.42857142857142,168.06593406593407
Nauru,225,21,20,NR,NRU,0,0.0088,0,639,1655.01,520,7635,10377,10241,12668,12780,13358,14695,381.75,518.85,512.05,633.4,639.0,667.9,734.75
Wallis and Futuna,226,274,274,WF,WLF,0,-0.006,0,41.9781,108.7233,876,11315,14723,13142,11572,11502,11229,11349,41.2956204379562,53.73357664233577,47.96350364963504,42.23357664233577,41.97810218978102,40.981751824817515,41.41970802919708
Tuvalu,227,26,30,TV,TUV,0,0.0074,0,379.8667,983.8547,798,7731,9638,10550,11312,11396,11917,13211,257.7,321.26666666666665,351.6666666666667,377.06666666666666,379.8666666666667,397.23333333333335,440.3666666666667
Saint Barthelemy,228,21,25,BL,BLM,,0.0025,0,439.76,1138.9784,652,2983,7082,8988,10967,10994,11113,10210,119.32,283.28,359.52,438.68,439.76,444.52,408.4
Saint Pierre and Miquelon,229,242,242,PM,SPM,,-0.0038,,24.1322,62.5025,666,6106,6274,6052,5862,5840,5651,5165,25.231404958677686,25.925619834710744,25.00826446280992,24.223140495867767,24.132231404958677,23.35123966942149,21.34297520661157
Montserrat,230,102,102,MS,MSR,,-0.0009,,43,111.37,500,11452,5138,4938,4390,4386,4301,3781,112.27450980392157,50.372549019607845,48.411764705882355,43.03921568627451,43.0,42.166666666666664,37.068627450980394
Falkland Islands,231,12173,12173,FK,FLK,,0.0029,,0.3114,0.8066,238,2240,3080,3187,3780,3791,3869,3779,0.18401380103507764,0.25301897642323173,0.26180892138338946,0.3105232892466935,0.311426928448205,0.3178345518771051,0.31044114022837427
Niue,232,261,261,NU,NIU,0,0.0005,,7.4138,19.2017,570,3637,2074,1812,1934,1935,1948,2096,13.934865900383143,7.946360153256705,6.942528735632184,7.409961685823755,7.413793103448276,7.46360153256705,8.030651340996169
Tokelau,233,12,10,TK,TKL,,0.0118,,189.3,490.287,772,1647,1666,1367,1871,1893,2046,2430,164.7,166.6,136.7,187.1,189.3,204.6,243.0
Vatican City,234,0.44,0.44,VA,VAT,,0.0157,,1177.2727,3049.1364,336,733,651,596,510,518,561,731,1665.909090909091,1479.5454545454545,1354.5454545454545,1159.090909090909,1177.2727272727273,1275.0,1661.3636363636363